vung,ds,du_bao
CISO,2026-09-07 01:00:00,37612.06201902556
CISO,2026-09-07 02:00:00,37728.1324872589
CISO,2026-09-07 03:00:00,37024.04454386749
CISO,2026-09-07 04:00:00,36386.162308703584
CISO,2026-09-07 05:00:00,35125.12143683808
CISO,2026-09-07 06:00:00,34263.43880068346
CISO,2026-09-07 07:00:00,32177.396819778533
CISO,2026-09-07 08:00:00,30481.01955120224
CISO,2026-09-07 09:00:00,29147.52330803344
CISO,2026-09-07 10:00:00,28229.049659099986
CISO,2026-09-07 11:00:00,27685.24642641165
CISO,2026-09-07 12:00:00,26015.400748412125
CISO,2026-09-07 13:00:00,26122.653602772836
CISO,2026-09-07 14:00:00,26687.376031305437
CISO,2026-09-07 15:00:00,29399.77460931013
CISO,2026-09-07 16:00:00,33740.9549457897
CISO,2026-09-07 17:00:00,36414.40077346421
CISO,2026-09-07 18:00:00,34952.95983041548
CISO,2026-09-07 19:00:00,35370.663527135286
CISO,2026-09-07 20:00:00,35893.97347367641
CISO,2026-09-07 21:00:00,36208.06271158763
CISO,2026-09-07 22:00:00,36506.62217353575
CISO,2026-09-07 23:00:00,37281.96577073618
CISO,2026-09-08 00:00:00,41092.67102351147
CISO,2026-09-08 01:00:00,41548.5986372942
CISO,2026-09-08 02:00:00,42121.70807229545
CISO,2026-09-08 03:00:00,42166.07594083359
CISO,2026-09-08 04:00:00,41419.91113576721
CISO,2026-09-08 05:00:00,40004.498157669164
CISO,2026-09-08 06:00:00,39655.98666873352
CISO,2026-09-08 07:00:00,37204.08989020581
CISO,2026-09-08 08:00:00,35201.82142894846
CISO,2026-09-08 09:00:00,33251.5153403413
CISO,2026-09-08 10:00:00,32484.680157013943
CISO,2026-09-08 11:00:00,31883.892027675334
CISO,2026-09-08 12:00:00,30558.106150114254
CISO,2026-09-08 13:00:00,30919.885560254006
CISO,2026-09-08 14:00:00,31415.897890185457
CISO,2026-09-08 15:00:00,33304.62445962821
CISO,2026-09-08 16:00:00,37837.14192618284
CISO,2026-09-08 17:00:00,39620.2755098889
CISO,2026-09-08 18:00:00,38312.44416318003
CISO,2026-09-08 19:00:00,39236.51294259228
CISO,2026-09-08 20:00:00,39226.96717158846
CISO,2026-09-08 21:00:00,38752.17348575212
CISO,2026-09-08 22:00:00,39921.03144053571
CISO,2026-09-08 23:00:00,40843.49081341355
CISO,2026-09-09 00:00:00,45531.25039284132
CISO,2026-09-09 01:00:00,47741.37100224875
CISO,2026-09-09 02:00:00,49013.842929612816
CISO,2026-09-09 03:00:00,48586.9781463581
CISO,2026-09-09 04:00:00,47434.942376328436
CISO,2026-09-09 05:00:00,45155.29727410116
CISO,2026-09-09 06:00:00,42878.84864434815
CISO,2026-09-09 07:00:00,40120.23121176055
CISO,2026-09-09 08:00:00,37987.210224139315
CISO,2026-09-09 09:00:00,36073.83062667668
CISO,2026-09-09 10:00:00,34884.19820814813
CISO,2026-09-09 11:00:00,34374.345080733794
CISO,2026-09-09 12:00:00,33040.88700371284
CISO,2026-09-09 13:00:00,32867.460578777296
CISO,2026-09-09 14:00:00,33314.20704674674
CISO,2026-09-09 15:00:00,36844.83580904097
CISO,2026-09-09 16:00:00,40957.2190588322
CISO,2026-09-09 17:00:00,43426.977023650885
CISO,2026-09-09 18:00:00,41868.5853157336
CISO,2026-09-09 19:00:00,41998.56659916903
CISO,2026-09-09 20:00:00,42153.587899402184
CISO,2026-09-09 21:00:00,42803.57585923192
CISO,2026-09-09 22:00:00,42846.57468295253
CISO,2026-09-09 23:00:00,43666.81471988816
CISO,2026-09-10 00:00:00,45990.81021566598
CISO,2026-09-10 01:00:00,47978.971868620225
CISO,2026-09-10 02:00:00,48636.31683403722
CISO,2026-09-10 03:00:00,48026.47116758617
CISO,2026-09-10 04:00:00,47303.07064471776
CISO,2026-09-10 05:00:00,44130.56290766999
CISO,2026-09-10 06:00:00,41104.04056401691
CISO,2026-09-10 07:00:00,38811.04378300766
CISO,2026-09-10 08:00:00,37006.33156280295
CISO,2026-09-10 09:00:00,35540.386338173994
CISO,2026-09-10 10:00:00,34562.280529792944
CISO,2026-09-10 11:00:00,34100.3903540198
CISO,2026-09-10 12:00:00,32084.61035808303
CISO,2026-09-10 13:00:00,31901.901990455746
CISO,2026-09-10 14:00:00,32779.76038659117
CISO,2026-09-10 15:00:00,36410.2494471298
CISO,2026-09-10 16:00:00,39600.34120027239
CISO,2026-09-10 17:00:00,41257.72216035847
CISO,2026-09-10 18:00:00,40381.09661458174
CISO,2026-09-10 19:00:00,40965.873198131594
CISO,2026-09-10 20:00:00,41397.79343236344
CISO,2026-09-10 21:00:00,41319.869254066114
CISO,2026-09-10 22:00:00,41558.22320605708
CISO,2026-09-10 23:00:00,41189.297434532724
CISO,2026-09-11 00:00:00,45299.618811196684
CISO,2026-09-11 01:00:00,45064.273101036946
CISO,2026-09-11 02:00:00,45714.32733069644
CISO,2026-09-11 03:00:00,45642.00907204374
CISO,2026-09-11 04:00:00,45051.2182038623
CISO,2026-09-11 05:00:00,43372.29911421655
CISO,2026-09-11 06:00:00,40632.836391181816
CISO,2026-09-11 07:00:00,38439.96446624414
CISO,2026-09-11 08:00:00,36670.97913493219
CISO,2026-09-11 09:00:00,34871.713069017474
CISO,2026-09-11 10:00:00,33468.40629923233
CISO,2026-09-11 11:00:00,32840.11589299591
CISO,2026-09-11 12:00:00,31468.569029881313
CISO,2026-09-11 13:00:00,31458.04578053178
CISO,2026-09-11 14:00:00,32278.886572718933
CISO,2026-09-11 15:00:00,35588.01018172939
CISO,2026-09-11 16:00:00,38948.03067187687
CISO,2026-09-11 17:00:00,40869.20127337698
CISO,2026-09-11 18:00:00,39775.04894767616
CISO,2026-09-11 19:00:00,40417.4522854652
CISO,2026-09-11 20:00:00,40781.910631998835
CISO,2026-09-11 21:00:00,40889.4363792319
CISO,2026-09-11 22:00:00,41017.23054173388
CISO,2026-09-11 23:00:00,41228.795048493776
CISO,2026-09-12 00:00:00,43745.06110683416
CISO,2026-09-12 01:00:00,44560.72481600047
CISO,2026-09-12 02:00:00,44153.99123825031
CISO,2026-09-12 03:00:00,43725.22443118252
CISO,2026-09-12 04:00:00,42984.82144396939
CISO,2026-09-12 05:00:00,41208.74597842347
CISO,2026-09-12 06:00:00,39424.28129558377
CISO,2026-09-12 07:00:00,36655.91430791351
CISO,2026-09-12 08:00:00,34937.08033812584
CISO,2026-09-12 09:00:00,32999.86797880725
CISO,2026-09-12 10:00:00,31125.30274584978
CISO,2026-09-12 11:00:00,30262.383705156393
CISO,2026-09-12 12:00:00,29383.521390329355
CISO,2026-09-12 13:00:00,29493.512716571717
CISO,2026-09-12 14:00:00,30368.2287627819
CISO,2026-09-12 15:00:00,32661.71822033196
CISO,2026-09-12 16:00:00,35250.951507141144
CISO,2026-09-12 17:00:00,37135.829456093474
CISO,2026-09-12 18:00:00,36151.65318434188
CISO,2026-09-12 19:00:00,36280.85827913287
CISO,2026-09-12 20:00:00,36098.017409230255
CISO,2026-09-12 21:00:00,36587.089876269674
CISO,2026-09-12 22:00:00,36999.216741754484
CISO,2026-09-12 23:00:00,37382.17708863462
CISO,2026-09-13 00:00:00,39057.61905497989
CISO,2026-09-13 01:00:00,39518.148706402084
CISO,2026-09-13 02:00:00,39548.46374274396
CISO,2026-09-13 03:00:00,38962.65838603868
CISO,2026-09-13 04:00:00,38716.78155186078
CISO,2026-09-13 05:00:00,37056.63841979571
CISO,2026-09-13 06:00:00,35280.12019916272
CISO,2026-09-13 07:00:00,33576.244835094054
CISO,2026-09-13 08:00:00,31996.216180302774
CISO,2026-09-13 09:00:00,30303.534600438175
CISO,2026-09-13 10:00:00,29117.823931941704
CISO,2026-09-13 11:00:00,28582.23486085265
CISO,2026-09-13 12:00:00,27831.267468930488
CISO,2026-09-13 13:00:00,27671.617779076863
CISO,2026-09-13 14:00:00,28723.741290221675
CISO,2026-09-13 15:00:00,31080.75918929803
CISO,2026-09-13 16:00:00,33210.45538482956
CISO,2026-09-13 17:00:00,35073.618609898615
CISO,2026-09-13 18:00:00,34598.471195599814
CISO,2026-09-13 19:00:00,34613.44497095034
CISO,2026-09-13 20:00:00,34955.438032391896
CISO,2026-09-13 21:00:00,34866.86258478189
CISO,2026-09-13 22:00:00,34686.25836768767
CISO,2026-09-13 23:00:00,34754.444158463506
CISO,2026-09-14 00:00:00,36104.98023630675
ERCO,2026-09-07 01:00:00,82342.99049879705
ERCO,2026-09-07 02:00:00,78872.73667249535
ERCO,2026-09-07 03:00:00,75312.42051480227
ERCO,2026-09-07 04:00:00,72526.29719798316
ERCO,2026-09-07 05:00:00,68376.44374911282
ERCO,2026-09-07 06:00:00,65062.09793546666
ERCO,2026-09-07 07:00:00,62116.1507763046
ERCO,2026-09-07 08:00:00,59448.95381845336
ERCO,2026-09-07 09:00:00,57800.68582400703
ERCO,2026-09-07 10:00:00,57098.445025205336
ERCO,2026-09-07 11:00:00,57183.00798443929
ERCO,2026-09-07 12:00:00,57385.583628517015
ERCO,2026-09-07 13:00:00,58743.58834337607
ERCO,2026-09-07 14:00:00,61911.334999017374
ERCO,2026-09-07 15:00:00,67275.10294745245
ERCO,2026-09-07 16:00:00,71722.62896319196
ERCO,2026-09-07 17:00:00,76836.42821967814
ERCO,2026-09-07 18:00:00,81827.68595378753
ERCO,2026-09-07 19:00:00,84468.06228290137
ERCO,2026-09-07 20:00:00,86297.65549140869
ERCO,2026-09-07 21:00:00,86928.19278855115
ERCO,2026-09-07 22:00:00,87321.1144112261
ERCO,2026-09-07 23:00:00,87377.05291744956
ERCO,2026-09-08 00:00:00,86628.04557646567
ERCO,2026-09-08 01:00:00,86258.66319799963
ERCO,2026-09-08 02:00:00,84216.77228190801
ERCO,2026-09-08 03:00:00,80817.16815457439
ERCO,2026-09-08 04:00:00,76558.92497771507
ERCO,2026-09-08 05:00:00,72364.63904262774
ERCO,2026-09-08 06:00:00,68506.35543107943
ERCO,2026-09-08 07:00:00,66029.52835122703
ERCO,2026-09-08 08:00:00,63488.3362157974
ERCO,2026-09-08 09:00:00,62585.61433627155
ERCO,2026-09-08 10:00:00,62173.52751470273
ERCO,2026-09-08 11:00:00,62293.802704190566
ERCO,2026-09-08 12:00:00,61811.80993993809
ERCO,2026-09-08 13:00:00,62427.356723588804
ERCO,2026-09-08 14:00:00,63663.651354936446
ERCO,2026-09-08 15:00:00,67517.13725609082
ERCO,2026-09-08 16:00:00,72030.53727876063
ERCO,2026-09-08 17:00:00,76842.03022021573
ERCO,2026-09-08 18:00:00,82407.54751071238
ERCO,2026-09-08 19:00:00,86229.458103299
ERCO,2026-09-08 20:00:00,88732.34672692786
ERCO,2026-09-08 21:00:00,87879.83769235882
ERCO,2026-09-08 22:00:00,87714.51211769608
ERCO,2026-09-08 23:00:00,87895.95618975427
ERCO,2026-09-09 00:00:00,89522.4200148059
ERCO,2026-09-09 01:00:00,85081.29473791976
ERCO,2026-09-09 02:00:00,83555.37823276549
ERCO,2026-09-09 03:00:00,81272.11676564421
ERCO,2026-09-09 04:00:00,76985.08430966572
ERCO,2026-09-09 05:00:00,72319.34045211482
ERCO,2026-09-09 06:00:00,69310.47461881817
ERCO,2026-09-09 07:00:00,66079.09503808283
ERCO,2026-09-09 08:00:00,62934.251118998545
ERCO,2026-09-09 09:00:00,61754.62527640347
ERCO,2026-09-09 10:00:00,61449.40196026381
ERCO,2026-09-09 11:00:00,61691.5149813714
ERCO,2026-09-09 12:00:00,61035.66361024164
ERCO,2026-09-09 13:00:00,61692.599373929086
ERCO,2026-09-09 14:00:00,64379.60758199526
ERCO,2026-09-09 15:00:00,68169.251480287
ERCO,2026-09-09 16:00:00,71867.12487503994
ERCO,2026-09-09 17:00:00,76879.72311302104
ERCO,2026-09-09 18:00:00,83173.78064547761
ERCO,2026-09-09 19:00:00,86057.94392814959
ERCO,2026-09-09 20:00:00,88294.74262554807
ERCO,2026-09-09 21:00:00,89490.59959714243
ERCO,2026-09-09 22:00:00,89945.43356495479
ERCO,2026-09-09 23:00:00,89948.95287850958
ERCO,2026-09-10 00:00:00,85386.83076509852
ERCO,2026-09-10 01:00:00,84907.38399424861
ERCO,2026-09-10 02:00:00,83000.16062650297
ERCO,2026-09-10 03:00:00,80064.7032427179
ERCO,2026-09-10 04:00:00,76095.98981688434
ERCO,2026-09-10 05:00:00,71055.14505219844
ERCO,2026-09-10 06:00:00,68669.64753244512
ERCO,2026-09-10 07:00:00,65715.87502971601
ERCO,2026-09-10 08:00:00,62939.30437979876
ERCO,2026-09-10 09:00:00,61404.807120331985
ERCO,2026-09-10 10:00:00,61169.593702116865
ERCO,2026-09-10 11:00:00,61372.25389355328
ERCO,2026-09-10 12:00:00,61617.808172642384
ERCO,2026-09-10 13:00:00,62290.260433243486
ERCO,2026-09-10 14:00:00,65063.77097847011
ERCO,2026-09-10 15:00:00,68530.24297195357
ERCO,2026-09-10 16:00:00,72217.39837515376
ERCO,2026-09-10 17:00:00,77913.04195261472
ERCO,2026-09-10 18:00:00,84415.98189843152
ERCO,2026-09-10 19:00:00,88037.18168872505
ERCO,2026-09-10 20:00:00,90443.21466994105
ERCO,2026-09-10 21:00:00,90999.19010956187
ERCO,2026-09-10 22:00:00,91090.5579290172
ERCO,2026-09-10 23:00:00,91051.47530090301
ERCO,2026-09-11 00:00:00,82566.96427430616
ERCO,2026-09-11 01:00:00,84333.3899710651
ERCO,2026-09-11 02:00:00,79205.56722827625
ERCO,2026-09-11 03:00:00,75699.79235277466
ERCO,2026-09-11 04:00:00,70908.43689470718
ERCO,2026-09-11 05:00:00,68409.63364831844
ERCO,2026-09-11 06:00:00,62372.68079506064
ERCO,2026-09-11 07:00:00,60204.49370014228
ERCO,2026-09-11 08:00:00,58685.94866538276
ERCO,2026-09-11 09:00:00,57288.93648230619
ERCO,2026-09-11 10:00:00,56657.17186183589
ERCO,2026-09-11 11:00:00,57526.527645664326
ERCO,2026-09-11 12:00:00,61903.50433147205
ERCO,2026-09-11 13:00:00,62799.15587123596
ERCO,2026-09-11 14:00:00,65760.99556574249
ERCO,2026-09-11 15:00:00,68709.31574531112
ERCO,2026-09-11 16:00:00,73290.27167996527
ERCO,2026-09-11 17:00:00,77759.2106099995
ERCO,2026-09-11 18:00:00,85146.9276234349
ERCO,2026-09-11 19:00:00,88590.27031488562
ERCO,2026-09-11 20:00:00,90784.07953663057
ERCO,2026-09-11 21:00:00,91998.90058171755
ERCO,2026-09-11 22:00:00,91864.71490009243
ERCO,2026-09-11 23:00:00,91166.3038479832
ERCO,2026-09-12 00:00:00,90254.0311555031
ERCO,2026-09-12 01:00:00,78197.54087648047
ERCO,2026-09-12 02:00:00,75007.52932117638
ERCO,2026-09-12 03:00:00,71565.33178541288
ERCO,2026-09-12 04:00:00,68031.01292907483
ERCO,2026-09-12 05:00:00,65680.28649093409
ERCO,2026-09-12 06:00:00,62686.873645373125
ERCO,2026-09-12 07:00:00,60585.70983487794
ERCO,2026-09-12 08:00:00,59137.84654726066
ERCO,2026-09-12 09:00:00,57761.65216071847
ERCO,2026-09-12 10:00:00,56865.01313116098
ERCO,2026-09-12 11:00:00,57095.87262154093
ERCO,2026-09-12 12:00:00,61341.09760385004
ERCO,2026-09-12 13:00:00,61827.090068730555
ERCO,2026-09-12 14:00:00,63718.050895277556
ERCO,2026-09-12 15:00:00,66614.21910630826
ERCO,2026-09-12 16:00:00,70692.60609616037
ERCO,2026-09-12 17:00:00,76716.13101143038
ERCO,2026-09-12 18:00:00,83716.32420210932
ERCO,2026-09-12 19:00:00,87026.99466085792
ERCO,2026-09-12 20:00:00,89106.98712796545
ERCO,2026-09-12 21:00:00,90168.61596492748
ERCO,2026-09-12 22:00:00,90535.09103877009
ERCO,2026-09-12 23:00:00,90418.40320243122
ERCO,2026-09-13 00:00:00,89595.39961474776
ERCO,2026-09-13 01:00:00,84625.3960513343
ERCO,2026-09-13 02:00:00,81146.92891338724
ERCO,2026-09-13 03:00:00,78092.5343601965
ERCO,2026-09-13 04:00:00,73237.82258352585
ERCO,2026-09-13 05:00:00,70167.26930772726
ERCO,2026-09-13 06:00:00,66509.23986666981
ERCO,2026-09-13 07:00:00,63158.51583136295
ERCO,2026-09-13 08:00:00,60964.363919166935
ERCO,2026-09-13 09:00:00,59201.703554907115
ERCO,2026-09-13 10:00:00,58274.138555430785
ERCO,2026-09-13 11:00:00,58446.37003149304
ERCO,2026-09-13 12:00:00,59885.69165858399
ERCO,2026-09-13 13:00:00,60350.847157653174
ERCO,2026-09-13 14:00:00,62707.49230041199
ERCO,2026-09-13 15:00:00,66658.09969246463
ERCO,2026-09-13 16:00:00,70601.24035910695
ERCO,2026-09-13 17:00:00,75185.60362335714
ERCO,2026-09-13 18:00:00,80866.75568818484
ERCO,2026-09-13 19:00:00,84239.32426961426
ERCO,2026-09-13 20:00:00,86956.20550470114
ERCO,2026-09-13 21:00:00,88737.58356623139
ERCO,2026-09-13 22:00:00,89560.95414863058
ERCO,2026-09-13 23:00:00,89890.3693639759
ERCO,2026-09-14 00:00:00,88670.558889309
MISO,2026-09-07 01:00:00,94287.34518353437
MISO,2026-09-07 02:00:00,91648.9435297441
MISO,2026-09-07 03:00:00,87444.68045473585
MISO,2026-09-07 04:00:00,82460.25397721936
MISO,2026-09-07 05:00:00,78021.44249232137
MISO,2026-09-07 06:00:00,74231.95561536765
MISO,2026-09-07 07:00:00,71543.64459288979
MISO,2026-09-07 08:00:00,69077.16771852958
MISO,2026-09-07 09:00:00,68030.60505116855
MISO,2026-09-07 10:00:00,67961.21311109877
MISO,2026-09-07 11:00:00,69359.2600844709
MISO,2026-09-07 12:00:00,70643.44660288311
MISO,2026-09-07 13:00:00,73878.53011623118
MISO,2026-09-07 14:00:00,78369.09368157742
MISO,2026-09-07 15:00:00,82139.61829532968
MISO,2026-09-07 16:00:00,85397.36843550336
MISO,2026-09-07 17:00:00,87737.89258462876
MISO,2026-09-07 18:00:00,90585.03832762444
MISO,2026-09-07 19:00:00,92543.48096782881
MISO,2026-09-07 20:00:00,94197.55742519247
MISO,2026-09-07 21:00:00,95314.08066399541
MISO,2026-09-07 22:00:00,96038.66851529045
MISO,2026-09-07 23:00:00,95915.76953318893
MISO,2026-09-08 00:00:00,95410.75113802301
MISO,2026-09-08 01:00:00,90619.03425226145
MISO,2026-09-08 02:00:00,88098.33616618847
MISO,2026-09-08 03:00:00,84597.4507915824
MISO,2026-09-08 04:00:00,80405.12159900117
MISO,2026-09-08 05:00:00,76335.95106450372
MISO,2026-09-08 06:00:00,73360.53187580759
MISO,2026-09-08 07:00:00,71058.73231882406
MISO,2026-09-08 08:00:00,69765.1682434028
MISO,2026-09-08 09:00:00,68810.84895281435
MISO,2026-09-08 10:00:00,68228.7894643952
MISO,2026-09-08 11:00:00,69042.95782985413
MISO,2026-09-08 12:00:00,70472.52624248553
MISO,2026-09-08 13:00:00,73932.3101036044
MISO,2026-09-08 14:00:00,78426.1036126873
MISO,2026-09-08 15:00:00,83264.96346325503
MISO,2026-09-08 16:00:00,86881.94801297766
MISO,2026-09-08 17:00:00,92326.35897605211
MISO,2026-09-08 18:00:00,96168.58599207184
MISO,2026-09-08 19:00:00,99647.25253765384
MISO,2026-09-08 20:00:00,103166.3645928953
MISO,2026-09-08 21:00:00,104985.76688177054
MISO,2026-09-08 22:00:00,106069.72450795808
MISO,2026-09-08 23:00:00,105335.67179513627
MISO,2026-09-09 00:00:00,103294.72197640107
MISO,2026-09-09 01:00:00,101612.1545714125
MISO,2026-09-09 02:00:00,99701.64624979027
MISO,2026-09-09 03:00:00,95121.3723923841
MISO,2026-09-09 04:00:00,91347.38076289996
MISO,2026-09-09 05:00:00,88136.1035095641
MISO,2026-09-09 06:00:00,82609.37486150759
MISO,2026-09-09 07:00:00,79639.1533612447
MISO,2026-09-09 08:00:00,78007.45615597008
MISO,2026-09-09 09:00:00,76875.3977687903
MISO,2026-09-09 10:00:00,77578.80141097671
MISO,2026-09-09 11:00:00,80266.2275693175
MISO,2026-09-09 12:00:00,80804.22385215198
MISO,2026-09-09 13:00:00,84074.45844169945
MISO,2026-09-09 14:00:00,87290.24489286276
MISO,2026-09-09 15:00:00,90446.52260386776
MISO,2026-09-09 16:00:00,95491.23279126443
MISO,2026-09-09 17:00:00,101804.62262146169
MISO,2026-09-09 18:00:00,109373.93772924953
MISO,2026-09-09 19:00:00,112115.70962916856
MISO,2026-09-09 20:00:00,114544.11660725172
MISO,2026-09-09 21:00:00,114549.73742927858
MISO,2026-09-09 22:00:00,113033.83517812114
MISO,2026-09-09 23:00:00,112691.28905401446
MISO,2026-09-10 00:00:00,104777.99564912803
MISO,2026-09-10 01:00:00,100461.8517466805
MISO,2026-09-10 02:00:00,99585.23830367171
MISO,2026-09-10 03:00:00,96700.33691205987
MISO,2026-09-10 04:00:00,90971.995259582
MISO,2026-09-10 05:00:00,85855.1779949793
MISO,2026-09-10 06:00:00,80531.05393927079
MISO,2026-09-10 07:00:00,79227.66714127493
MISO,2026-09-10 08:00:00,77292.32099524338
MISO,2026-09-10 09:00:00,76273.78783754454
MISO,2026-09-10 10:00:00,76359.96884200064
MISO,2026-09-10 11:00:00,77603.80223479372
MISO,2026-09-10 12:00:00,78069.1814969957
MISO,2026-09-10 13:00:00,79902.31624247177
MISO,2026-09-10 14:00:00,81007.7281691404
MISO,2026-09-10 15:00:00,82831.73829018808
MISO,2026-09-10 16:00:00,86043.13969370008
MISO,2026-09-10 17:00:00,91247.77140662615
MISO,2026-09-10 18:00:00,93894.40243497746
MISO,2026-09-10 19:00:00,95185.87307305304
MISO,2026-09-10 20:00:00,95731.38806495574
MISO,2026-09-10 21:00:00,96501.95787998848
MISO,2026-09-10 22:00:00,95424.45657913326
MISO,2026-09-10 23:00:00,94268.30166387622
MISO,2026-09-11 00:00:00,95282.05010555677
MISO,2026-09-11 01:00:00,92220.9317056094
MISO,2026-09-11 02:00:00,90235.05628556089
MISO,2026-09-11 03:00:00,86203.50984588207
MISO,2026-09-11 04:00:00,81077.87957165195
MISO,2026-09-11 05:00:00,77312.31491396879
MISO,2026-09-11 06:00:00,74578.84921243496
MISO,2026-09-11 07:00:00,71714.2864340163
MISO,2026-09-11 08:00:00,70161.39743057144
MISO,2026-09-11 09:00:00,69112.29951650334
MISO,2026-09-11 10:00:00,69054.47100015775
MISO,2026-09-11 11:00:00,70842.57793797753
MISO,2026-09-11 12:00:00,73070.49178598842
MISO,2026-09-11 13:00:00,75370.48858782768
MISO,2026-09-11 14:00:00,77515.01333001498
MISO,2026-09-11 15:00:00,80697.07732618331
MISO,2026-09-11 16:00:00,83250.75814896537
MISO,2026-09-11 17:00:00,86335.16517258127
MISO,2026-09-11 18:00:00,89311.6928177365
MISO,2026-09-11 19:00:00,91799.93957220338
MISO,2026-09-11 20:00:00,93191.14083725639
MISO,2026-09-11 21:00:00,95138.2647044817
MISO,2026-09-11 22:00:00,94510.93877795263
MISO,2026-09-11 23:00:00,93598.10255704596
MISO,2026-09-12 00:00:00,95559.79919513606
MISO,2026-09-12 01:00:00,92663.90971429517
MISO,2026-09-12 02:00:00,90210.59835209705
MISO,2026-09-12 03:00:00,86369.65248204154
MISO,2026-09-12 04:00:00,81869.64873895752
MISO,2026-09-12 05:00:00,78939.4882256106
MISO,2026-09-12 06:00:00,74110.90448578534
MISO,2026-09-12 07:00:00,71474.70072090812
MISO,2026-09-12 08:00:00,69648.05534023113
MISO,2026-09-12 09:00:00,68524.47057429355
MISO,2026-09-12 10:00:00,68230.07420193835
MISO,2026-09-12 11:00:00,69220.3102613529
MISO,2026-09-12 12:00:00,70333.68388960595
MISO,2026-09-12 13:00:00,72038.64735677058
MISO,2026-09-12 14:00:00,74667.40875313277
MISO,2026-09-12 15:00:00,77844.54602149125
MISO,2026-09-12 16:00:00,80551.73523419772
MISO,2026-09-12 17:00:00,83203.30086974807
MISO,2026-09-12 18:00:00,91252.5817606711
MISO,2026-09-12 19:00:00,93647.58994633306
MISO,2026-09-12 20:00:00,95559.13177557685
MISO,2026-09-12 21:00:00,97812.47509235001
MISO,2026-09-12 22:00:00,97171.7014001193
MISO,2026-09-12 23:00:00,94543.46884469295
MISO,2026-09-13 00:00:00,101753.27300648951
MISO,2026-09-13 01:00:00,97760.5553478793
MISO,2026-09-13 02:00:00,95323.30899970452
MISO,2026-09-13 03:00:00,91306.62910626632
MISO,2026-09-13 04:00:00,87778.28548593301
MISO,2026-09-13 05:00:00,83707.5483640052
MISO,2026-09-13 06:00:00,76019.97184976944
MISO,2026-09-13 07:00:00,73356.6812054712
MISO,2026-09-13 08:00:00,71803.80890322007
MISO,2026-09-13 09:00:00,70274.71302455949
MISO,2026-09-13 10:00:00,70097.27283693623
MISO,2026-09-13 11:00:00,71346.98799371872
MISO,2026-09-13 12:00:00,70242.09845970283
MISO,2026-09-13 13:00:00,73044.67837499671
MISO,2026-09-13 14:00:00,77688.69830051865
MISO,2026-09-13 15:00:00,82221.76349861352
MISO,2026-09-13 16:00:00,86132.01035172
MISO,2026-09-13 17:00:00,92560.0337798406
MISO,2026-09-13 18:00:00,102287.1427061414
MISO,2026-09-13 19:00:00,105735.75974380094
MISO,2026-09-13 20:00:00,107803.18263675226
MISO,2026-09-13 21:00:00,109546.89384637286
MISO,2026-09-13 22:00:00,109586.42908596018
MISO,2026-09-13 23:00:00,107186.5771417109
MISO,2026-09-14 00:00:00,104833.72679782182
NYIS,2026-09-07 01:00:00,19558.909556365943
NYIS,2026-09-07 02:00:00,18811.10609014479
NYIS,2026-09-07 03:00:00,17795.141084802242
NYIS,2026-09-07 04:00:00,16470.73262583478
NYIS,2026-09-07 05:00:00,15712.97526646988
NYIS,2026-09-07 06:00:00,15123.889039115431
NYIS,2026-09-07 07:00:00,14616.912989235125
NYIS,2026-09-07 08:00:00,14297.345554333524
NYIS,2026-09-07 09:00:00,14189.355826031686
NYIS,2026-09-07 10:00:00,14412.658002143904
NYIS,2026-09-07 11:00:00,14979.257697785237
NYIS,2026-09-07 12:00:00,15311.118957270966
NYIS,2026-09-07 13:00:00,15567.053337704408
NYIS,2026-09-07 14:00:00,15869.649648663592
NYIS,2026-09-07 15:00:00,16358.53736640113
NYIS,2026-09-07 16:00:00,17006.011414824527
NYIS,2026-09-07 17:00:00,17342.40498152563
NYIS,2026-09-07 18:00:00,17949.073422998405
NYIS,2026-09-07 19:00:00,18369.96585741479
NYIS,2026-09-07 20:00:00,18782.100688510225
NYIS,2026-09-07 21:00:00,19202.55544976139
NYIS,2026-09-07 22:00:00,19634.163278633783
NYIS,2026-09-07 23:00:00,19496.51528147122
NYIS,2026-09-08 00:00:00,19575.19658798711
NYIS,2026-09-08 01:00:00,20485.12487962664
NYIS,2026-09-08 02:00:00,19535.850871779014
NYIS,2026-09-08 03:00:00,18329.13757313913
NYIS,2026-09-08 04:00:00,17187.473035728486
NYIS,2026-09-08 05:00:00,16392.996506182684
NYIS,2026-09-08 06:00:00,15900.458115233509
NYIS,2026-09-08 07:00:00,15379.92799611109
NYIS,2026-09-08 08:00:00,14983.169005697935
NYIS,2026-09-08 09:00:00,14918.533001638212
NYIS,2026-09-08 10:00:00,15109.720151869133
NYIS,2026-09-08 11:00:00,15614.401843756472
NYIS,2026-09-08 12:00:00,15739.14830492822
NYIS,2026-09-08 13:00:00,16286.307124739924
NYIS,2026-09-08 14:00:00,16708.87919948236
NYIS,2026-09-08 15:00:00,17075.782202049257
NYIS,2026-09-08 16:00:00,17745.48617817751
NYIS,2026-09-08 17:00:00,18674.02032223087
NYIS,2026-09-08 18:00:00,19151.886595905376
NYIS,2026-09-08 19:00:00,19656.304938396097
NYIS,2026-09-08 20:00:00,20120.892948495457
NYIS,2026-09-08 21:00:00,20642.861152311074
NYIS,2026-09-08 22:00:00,20985.559193606343
NYIS,2026-09-08 23:00:00,21083.390751666782
NYIS,2026-09-09 00:00:00,22276.871728595364
NYIS,2026-09-09 01:00:00,21872.470271258357
NYIS,2026-09-09 02:00:00,21238.672494687125
NYIS,2026-09-09 03:00:00,20161.201463010424
NYIS,2026-09-09 04:00:00,18786.492464018746
NYIS,2026-09-09 05:00:00,17907.520864593025
NYIS,2026-09-09 06:00:00,17147.767784690506
NYIS,2026-09-09 07:00:00,16504.462659007873
NYIS,2026-09-09 08:00:00,16208.069203024903
NYIS,2026-09-09 09:00:00,16038.80543672324
NYIS,2026-09-09 10:00:00,16357.02254872715
NYIS,2026-09-09 11:00:00,17190.576558232402
NYIS,2026-09-09 12:00:00,17342.481436716604
NYIS,2026-09-09 13:00:00,17813.61768064979
NYIS,2026-09-09 14:00:00,18120.669911000237
NYIS,2026-09-09 15:00:00,18760.16479817195
NYIS,2026-09-09 16:00:00,19219.60223440842
NYIS,2026-09-09 17:00:00,19442.628645769688
NYIS,2026-09-09 18:00:00,20695.527057274932
NYIS,2026-09-09 19:00:00,21523.812411963107
NYIS,2026-09-09 20:00:00,22025.532292654396
NYIS,2026-09-09 21:00:00,22669.47639346186
NYIS,2026-09-09 22:00:00,23007.067865904977
NYIS,2026-09-09 23:00:00,23014.576452682228
NYIS,2026-09-10 00:00:00,24048.058746434413
NYIS,2026-09-10 01:00:00,23155.71624741482
NYIS,2026-09-10 02:00:00,22204.688069006916
NYIS,2026-09-10 03:00:00,20846.42916354856
NYIS,2026-09-10 04:00:00,19399.82932735102
NYIS,2026-09-10 05:00:00,18524.628839141318
NYIS,2026-09-10 06:00:00,17985.14604094346
NYIS,2026-09-10 07:00:00,17458.684548945625
NYIS,2026-09-10 08:00:00,17188.623366163913
NYIS,2026-09-10 09:00:00,17203.836322456184
NYIS,2026-09-10 10:00:00,17671.769917247373
NYIS,2026-09-10 11:00:00,18274.57512414683
NYIS,2026-09-10 12:00:00,17429.271599383486
NYIS,2026-09-10 13:00:00,18088.803906293528
NYIS,2026-09-10 14:00:00,18264.17559775294
NYIS,2026-09-10 15:00:00,18530.69956870331
NYIS,2026-09-10 16:00:00,19087.007258753507
NYIS,2026-09-10 17:00:00,18426.078015606923
NYIS,2026-09-10 18:00:00,18346.82695476301
NYIS,2026-09-10 19:00:00,19476.989342214743
NYIS,2026-09-10 20:00:00,19811.477318821824
NYIS,2026-09-10 21:00:00,20127.221335995084
NYIS,2026-09-10 22:00:00,20467.699587999952
NYIS,2026-09-10 23:00:00,20518.62889283239
NYIS,2026-09-11 00:00:00,23656.278751034446
NYIS,2026-09-11 01:00:00,21369.980595025696
NYIS,2026-09-11 02:00:00,20408.23009845167
NYIS,2026-09-11 03:00:00,19275.92799364322
NYIS,2026-09-11 04:00:00,18077.34993944982
NYIS,2026-09-11 05:00:00,17224.625989360553
NYIS,2026-09-11 06:00:00,17428.650152624657
NYIS,2026-09-11 07:00:00,16847.577577067077
NYIS,2026-09-11 08:00:00,16298.474330269208
NYIS,2026-09-11 09:00:00,16151.219744587786
NYIS,2026-09-11 10:00:00,16406.92704192449
NYIS,2026-09-11 11:00:00,17001.2324826971
NYIS,2026-09-11 12:00:00,16185.271538973338
NYIS,2026-09-11 13:00:00,16446.959979863484
NYIS,2026-09-11 14:00:00,16462.24779497319
NYIS,2026-09-11 15:00:00,16589.857572664674
NYIS,2026-09-11 16:00:00,16836.145389419406
NYIS,2026-09-11 17:00:00,17373.107172513824
NYIS,2026-09-11 18:00:00,17925.490064039142
NYIS,2026-09-11 19:00:00,18351.580355082056
NYIS,2026-09-11 20:00:00,18860.854510903428
NYIS,2026-09-11 21:00:00,19616.85997969743
NYIS,2026-09-11 22:00:00,20290.235355259094
NYIS,2026-09-11 23:00:00,20597.037415901323
NYIS,2026-09-12 00:00:00,21657.843115699845
NYIS,2026-09-12 01:00:00,22029.142970385146
NYIS,2026-09-12 02:00:00,21113.287667297685
NYIS,2026-09-12 03:00:00,19933.90537651154
NYIS,2026-09-12 04:00:00,18730.51425161997
NYIS,2026-09-12 05:00:00,17756.390302473388
NYIS,2026-09-12 06:00:00,16307.965095904174
NYIS,2026-09-12 07:00:00,15697.523260079102
NYIS,2026-09-12 08:00:00,15241.489881382833
NYIS,2026-09-12 09:00:00,15037.133946436572
NYIS,2026-09-12 10:00:00,15330.368853854536
NYIS,2026-09-12 11:00:00,15901.940198688
NYIS,2026-09-12 12:00:00,15538.783499442423
NYIS,2026-09-12 13:00:00,15692.865419302676
NYIS,2026-09-12 14:00:00,15917.090469521918
NYIS,2026-09-12 15:00:00,16288.89383713061
NYIS,2026-09-12 16:00:00,16656.18952013358
NYIS,2026-09-12 17:00:00,16971.43108341276
NYIS,2026-09-12 18:00:00,17592.98162709397
NYIS,2026-09-12 19:00:00,17623.545790585144
NYIS,2026-09-12 20:00:00,17709.299447748283
NYIS,2026-09-12 21:00:00,18220.056102213555
NYIS,2026-09-12 22:00:00,18824.599310783044
NYIS,2026-09-12 23:00:00,19215.606083828294
NYIS,2026-09-13 00:00:00,20567.7758206609
NYIS,2026-09-13 01:00:00,20390.07969953832
NYIS,2026-09-13 02:00:00,19892.916209883904
NYIS,2026-09-13 03:00:00,18916.653543207853
NYIS,2026-09-13 04:00:00,18023.79611043555
NYIS,2026-09-13 05:00:00,17222.047984758283
NYIS,2026-09-13 06:00:00,16563.798788231332
NYIS,2026-09-13 07:00:00,15967.203518336995
NYIS,2026-09-13 08:00:00,15610.440969544736
NYIS,2026-09-13 09:00:00,15487.859425820761
NYIS,2026-09-13 10:00:00,15570.917440246696
NYIS,2026-09-13 11:00:00,15864.736523978929
NYIS,2026-09-13 12:00:00,15013.696266754985
NYIS,2026-09-13 13:00:00,15401.057740440112
NYIS,2026-09-13 14:00:00,15707.931067577443
NYIS,2026-09-13 15:00:00,16058.319664899547
NYIS,2026-09-13 16:00:00,16444.70502019397
NYIS,2026-09-13 17:00:00,16990.08623533429
NYIS,2026-09-13 18:00:00,17547.687417290224
NYIS,2026-09-13 19:00:00,17958.720206312842
NYIS,2026-09-13 20:00:00,18277.500022640605
NYIS,2026-09-13 21:00:00,18731.688920415036
NYIS,2026-09-13 22:00:00,19622.033872316566
NYIS,2026-09-13 23:00:00,20269.742643606045
NYIS,2026-09-14 00:00:00,21078.650123785137
PJM,2026-09-07 01:00:00,110579.18103134148
PJM,2026-09-07 02:00:00,105859.91561739208
PJM,2026-09-07 03:00:00,100258.73489654253
PJM,2026-09-07 04:00:00,95238.6278133224
PJM,2026-09-07 05:00:00,90525.36764054562
PJM,2026-09-07 06:00:00,87810.6389624075
PJM,2026-09-07 07:00:00,85049.57988667849
PJM,2026-09-07 08:00:00,82726.2536185203
PJM,2026-09-07 09:00:00,81755.19503384958
PJM,2026-09-07 10:00:00,82355.40803054039
PJM,2026-09-07 11:00:00,84650.98621781968
PJM,2026-09-07 12:00:00,87451.99617390038
PJM,2026-09-07 13:00:00,90693.50299274662
PJM,2026-09-07 14:00:00,94023.98054621436
PJM,2026-09-07 15:00:00,97539.23187350274
PJM,2026-09-07 16:00:00,100247.49426652673
PJM,2026-09-07 17:00:00,103982.00888906472
PJM,2026-09-07 18:00:00,106291.23273278175
PJM,2026-09-07 19:00:00,110037.63317239565
PJM,2026-09-07 20:00:00,111461.60247306175
PJM,2026-09-07 21:00:00,112697.15795362672
PJM,2026-09-07 22:00:00,113072.63945558426
PJM,2026-09-07 23:00:00,111480.74849238768
PJM,2026-09-08 00:00:00,108673.0544757024
PJM,2026-09-08 01:00:00,108123.70932824799
PJM,2026-09-08 02:00:00,104457.12202181069
PJM,2026-09-08 03:00:00,98431.91609506146
PJM,2026-09-08 04:00:00,93302.33962551192
PJM,2026-09-08 05:00:00,88820.65912548488
PJM,2026-09-08 06:00:00,85615.83803453768
PJM,2026-09-08 07:00:00,83252.2323125191
PJM,2026-09-08 08:00:00,81469.05979947273
PJM,2026-09-08 09:00:00,80634.45121575538
PJM,2026-09-08 10:00:00,81488.80438307821
PJM,2026-09-08 11:00:00,83740.5980133994
PJM,2026-09-08 12:00:00,87459.39654570162
PJM,2026-09-08 13:00:00,92435.90696384467
PJM,2026-09-08 14:00:00,97660.33480750206
PJM,2026-09-08 15:00:00,101832.063516856
PJM,2026-09-08 16:00:00,105649.63031215183
PJM,2026-09-08 17:00:00,108786.05281711111
PJM,2026-09-08 18:00:00,112652.73320128888
PJM,2026-09-08 19:00:00,113920.45832182464
PJM,2026-09-08 20:00:00,115876.1313445133
PJM,2026-09-08 21:00:00,117885.77701864965
PJM,2026-09-08 22:00:00,118525.57533356822
PJM,2026-09-08 23:00:00,117348.576405856
PJM,2026-09-09 00:00:00,116891.31408294135
PJM,2026-09-09 01:00:00,113164.67975738467
PJM,2026-09-09 02:00:00,109107.50139031178
PJM,2026-09-09 03:00:00,103501.78022722158
PJM,2026-09-09 04:00:00,97570.56379077195
PJM,2026-09-09 05:00:00,93525.45979582911
PJM,2026-09-09 06:00:00,89715.98139689887
PJM,2026-09-09 07:00:00,88083.98616805403
PJM,2026-09-09 08:00:00,86110.94773379226
PJM,2026-09-09 09:00:00,86168.76438992895
PJM,2026-09-09 10:00:00,88352.16858776116
PJM,2026-09-09 11:00:00,92014.71666688769
PJM,2026-09-09 12:00:00,95403.34446405726
PJM,2026-09-09 13:00:00,100374.0688380191
PJM,2026-09-09 14:00:00,103780.23265058515
PJM,2026-09-09 15:00:00,108729.8527270029
PJM,2026-09-09 16:00:00,109135.65674791414
PJM,2026-09-09 17:00:00,113732.27094245573
PJM,2026-09-09 18:00:00,121973.02374489154
PJM,2026-09-09 19:00:00,125412.48642027398
PJM,2026-09-09 20:00:00,128607.74444009218
PJM,2026-09-09 21:00:00,129815.97035159638
PJM,2026-09-09 22:00:00,130249.09456632427
PJM,2026-09-09 23:00:00,126967.21596158078
PJM,2026-09-10 00:00:00,126014.91688690454
PJM,2026-09-10 01:00:00,123161.66929043349
PJM,2026-09-10 02:00:00,118782.83622330574
PJM,2026-09-10 03:00:00,113089.19817037629
PJM,2026-09-10 04:00:00,106629.55928182267
PJM,2026-09-10 05:00:00,102300.71572143122
PJM,2026-09-10 06:00:00,98763.06869045673
PJM,2026-09-10 07:00:00,96168.38050588139
PJM,2026-09-10 08:00:00,95964.75057118057
PJM,2026-09-10 09:00:00,95102.04503404608
PJM,2026-09-10 10:00:00,96507.43281456904
PJM,2026-09-10 11:00:00,100301.58357992757
PJM,2026-09-10 12:00:00,98818.62554104786
PJM,2026-09-10 13:00:00,99836.90446767764
PJM,2026-09-10 14:00:00,99796.24215673466
PJM,2026-09-10 15:00:00,100877.48144296865
PJM,2026-09-10 16:00:00,103152.39965689901
PJM,2026-09-10 17:00:00,105212.19531300254
PJM,2026-09-10 18:00:00,111057.37942349061
PJM,2026-09-10 19:00:00,109406.940734834
PJM,2026-09-10 20:00:00,107647.40822719436
PJM,2026-09-10 21:00:00,108141.96360608141
PJM,2026-09-10 22:00:00,111444.2382305329
PJM,2026-09-10 23:00:00,111138.286099358
PJM,2026-09-11 00:00:00,120595.83335755883
PJM,2026-09-11 01:00:00,109702.60111594964
PJM,2026-09-11 02:00:00,106473.72992417002
PJM,2026-09-11 03:00:00,101201.24442225954
PJM,2026-09-11 04:00:00,96258.67112430534
PJM,2026-09-11 05:00:00,93417.57928862759
PJM,2026-09-11 06:00:00,95529.64808207881
PJM,2026-09-11 07:00:00,93077.06390802347
PJM,2026-09-11 08:00:00,90440.8927580686
PJM,2026-09-11 09:00:00,89358.8720068401
PJM,2026-09-11 10:00:00,90371.48863621155
PJM,2026-09-11 11:00:00,92667.04868833948
PJM,2026-09-11 12:00:00,89968.4513009738
PJM,2026-09-11 13:00:00,92543.37025500275
PJM,2026-09-11 14:00:00,96503.6514642247
PJM,2026-09-11 15:00:00,98720.12529638642
PJM,2026-09-11 16:00:00,100949.56168728136
PJM,2026-09-11 17:00:00,103951.21889734615
PJM,2026-09-11 18:00:00,107025.55900303897
PJM,2026-09-11 19:00:00,109906.5965857665
PJM,2026-09-11 20:00:00,111480.1366212352
PJM,2026-09-11 21:00:00,114115.60495211006
PJM,2026-09-11 22:00:00,114015.26582587825
PJM,2026-09-11 23:00:00,112535.63300321386
PJM,2026-09-12 00:00:00,113832.53216684588
PJM,2026-09-12 01:00:00,114158.45058061989
PJM,2026-09-12 02:00:00,110779.48865204037
PJM,2026-09-12 03:00:00,105104.35209674976
PJM,2026-09-12 04:00:00,100216.57628985916
PJM,2026-09-12 05:00:00,96296.47610869398
PJM,2026-09-12 06:00:00,90365.55815533793
PJM,2026-09-12 07:00:00,87273.56069349905
PJM,2026-09-12 08:00:00,85359.29514745178
PJM,2026-09-12 09:00:00,84818.20110552653
PJM,2026-09-12 10:00:00,85748.54902155093
PJM,2026-09-12 11:00:00,88505.208735491
PJM,2026-09-12 12:00:00,87825.90572184353
PJM,2026-09-12 13:00:00,90693.24598708372
PJM,2026-09-12 14:00:00,94216.12504585722
PJM,2026-09-12 15:00:00,97353.45157385286
PJM,2026-09-12 16:00:00,100947.26415331065
PJM,2026-09-12 17:00:00,105201.50559112028
PJM,2026-09-12 18:00:00,109573.23832420225
PJM,2026-09-12 19:00:00,112706.40525960887
PJM,2026-09-12 20:00:00,114913.79511728787
PJM,2026-09-12 21:00:00,115831.83616004334
PJM,2026-09-12 22:00:00,115887.629494679
PJM,2026-09-12 23:00:00,113937.81914907292
PJM,2026-09-13 00:00:00,113643.38893986586
PJM,2026-09-13 01:00:00,114029.64562418454
PJM,2026-09-13 02:00:00,110534.96298989243
PJM,2026-09-13 03:00:00,105277.26299331029
PJM,2026-09-13 04:00:00,101079.35098350022
PJM,2026-09-13 05:00:00,96737.51369398224
PJM,2026-09-13 06:00:00,91801.15411312769
PJM,2026-09-13 07:00:00,89303.70033980178
PJM,2026-09-13 08:00:00,87289.15782711866
PJM,2026-09-13 09:00:00,86813.53109270701
PJM,2026-09-13 10:00:00,88469.37898461263
PJM,2026-09-13 11:00:00,90662.991304283
PJM,2026-09-13 12:00:00,88171.78347365235
PJM,2026-09-13 13:00:00,92334.83490129682
PJM,2026-09-13 14:00:00,97074.78567953454
PJM,2026-09-13 15:00:00,100523.59205041533
PJM,2026-09-13 16:00:00,104132.5652275565
PJM,2026-09-13 17:00:00,109924.81346007688
PJM,2026-09-13 18:00:00,114956.04863232128
PJM,2026-09-13 19:00:00,117754.68788519231
PJM,2026-09-13 20:00:00,119135.52692634487
PJM,2026-09-13 21:00:00,120531.88735200444
PJM,2026-09-13 22:00:00,120340.16196411455
PJM,2026-09-13 23:00:00,118564.89270646014
PJM,2026-09-14 00:00:00,122850.16491540283
